"scenario","run","cold","working_set_bytes","private_bytes","startup_ms","details_frame_ms","diff_frame_ms","fps","frame_p99_ms","frame_max_ms","oid","file"
"p0-bare","run-0","True","154791936","158760960","","","","","","","",""
"p0-bare","run-1","False","154714112","159723520","","","","","","","",""
"p0-bare","run-2","False","153796608","159141888","","","","","","","",""
"p0-bare","run-3","False","154824704","158851072","","","","","","","",""
"p0-kotlin-details-first","run-0","True","273903616","283877376","1278","66.48039999999992","","","","","0f8300495b13d67c2aa55578f8a4334c8ba81e3c",""
"p0-kotlin-details-first","run-1","False","264511488","273575936","1367","57.783600000000206","","","","","0f8300495b13d67c2aa55578f8a4334c8ba81e3c",""
"p0-kotlin-details-first","run-2","False","262262784","269811712","1771","62.47900000000027","","","","","0f8300495b13d67c2aa55578f8a4334c8ba81e3c",""
"p0-kotlin-details-first","run-3","False","275279872","286457856","1291","66.08180000000038","","","","","0f8300495b13d67c2aa55578f8a4334c8ba81e3c",""
"p0-kotlin-diff-first","run-0","True","359337984","360116224","1304","62.22470000000067","385.53240000000005","","","","0f8300495b13d67c2aa55578f8a4334c8ba81e3c","compiler/ir/backend.js/src/org/jetbrains/kotlin/ir/backend/js/lower/WebStaticInitializersDeclarationLowering.kt"
"p0-kotlin-diff-first","run-1","False","355463168","356945920","1351","123.0634","294.0522999999994","","","","0f8300495b13d67c2aa55578f8a4334c8ba81e3c","compiler/ir/backend.js/src/org/jetbrains/kotlin/ir/backend/js/lower/WebStaticInitializersDeclarationLowering.kt"
"p0-kotlin-diff-first","run-2","False","351084544","354226176","1312","185.01739999999972","291.6470999999997","","","","0f8300495b13d67c2aa55578f8a4334c8ba81e3c","compiler/ir/backend.js/src/org/jetbrains/kotlin/ir/backend/js/lower/WebStaticInitializersDeclarationLowering.kt"
"p0-kotlin-diff-first","run-3","False","357613568","358445056","1304","68.84920000000056","372.47649999999976","","","","0f8300495b13d67c2aa55578f8a4334c8ba81e3c","compiler/ir/backend.js/src/org/jetbrains/kotlin/ir/backend/js/lower/WebStaticInitializersDeclarationLowering.kt"
"p0-kotlin-none","run-0","True","262643712","269234176","1374","","","","","","",""
"p0-kotlin-none","run-1","False","263016448","270143488","1316","","","","","","",""
"p0-kotlin-none","run-2","False","262639616","268427264","1503","","","","","","",""
"p0-kotlin-none","run-3","False","261484544","270573568","1255","","","","","","",""
"p0-kotlin-scroll-first","run-0","True","368406528","344846336","1343","58.54120000000012","342.39469999999983","96.76526762018419","15.908599999999751","338.92659999999887","0f8300495b13d67c2aa55578f8a4334c8ba81e3c","compiler/ir/backend.js/src/org/jetbrains/kotlin/ir/backend/js/lower/WebStaticInitializersDeclarationLowering.kt"
"p0-kotlin-scroll-first","run-1","False","373739520","346681344","1552","63.97809999999981","368.0753000000004","98.06957066968828","17.529100000001563","180.89980000000105","0f8300495b13d67c2aa55578f8a4334c8ba81e3c","compiler/ir/backend.js/src/org/jetbrains/kotlin/ir/backend/js/lower/WebStaticInitializersDeclarationLowering.kt"
"p0-kotlin-scroll-first","run-2","False","375754752","349286400","1377","129.90340000000015","360.6734999999999","98.58065832829718","16.98660000000018","151.71090000000186","0f8300495b13d67c2aa55578f8a4334c8ba81e3c","compiler/ir/backend.js/src/org/jetbrains/kotlin/ir/backend/js/lower/WebStaticInitializersDeclarationLowering.kt"
"p0-kotlin-scroll-first","run-3","False","378593280","350408704","1673","116.78080000000045","300.89959999999974","97.8385816946162","15.369599999999991","272.03520000000026","0f8300495b13d67c2aa55578f8a4334c8ba81e3c","compiler/ir/backend.js/src/org/jetbrains/kotlin/ir/backend/js/lower/WebStaticInitializersDeclarationLowering.kt"
"p0-kotlin-scroll-none","run-0","True","337158144","311738368","1282","","","98.74567493943765","15.76129999999921","172.48519999999917","",""
"p0-kotlin-scroll-none","run-1","False","345849856","320835584","1360","","","99.08225189079744","16.04569999999876","130.7561999999998","",""
"p0-kotlin-scroll-none","run-2","False","359317504","334106624","1473","","","97.51792805898418","16.28149999999914","243.95999999999913","",""
"p0-kotlin-scroll-none","run-3","False","351694848","326909952","1423","","","98.37820816563949","15.789199999999255","160.40760000000046","",""
